exprs	process	real	size	rows	cols	max_memory
({ library(arrow) library(dplyr) })	0.4313320159999998	0.4351224899291992	490798139	1000000	25	14000877568
"x <- read_tsv_arrow(file, quote = """", na = character(), as_data_frame = FALSE)"	10.868311163000001	0.36227893829345703	490798139	1000000	25	14000877568
print(x)	0.07115102299999876	0.07116293907165527	490798139	1000000	25	14000877568
a <- head(x)	8.027770000005319e-4	0.00080585479736328125	490798139	1000000	25	14000877568
b <- tail(x)	0.0015445069999984185	0.0015475749969482422	490798139	1000000	25	14000877568
c <- x[sample(NROW(x), 100), ]	0.0498486999999983	0.06717133522033691	490798139	1000000	25	14000877568
d <- x[x$X1 > 3, ]	0.053981570000001255	0.05398416519165039	490798139	1000000	25	14000877568
e <- group_by(x, X2) %>% summarise(avg_X1 = mean(X1))	6.563982434	6.4185943603515625	490798139	1000000	25	14000877568
