exprs	process	real	size	rows	cols	max_memory
({ library(arrow) library(dplyr) })	0.4307929840000009	0.434786319732666	490798139	1000000	25	13838180352
"x <- read_tsv_arrow(file, quote = """", na = character())"	11.071316699	0.5388791561126709	490798139	1000000	25	13838180352
print(x)	0.11093504500000151	0.11093711853027344	490798139	1000000	25	13838180352
a <- head(x)	1.950940000021717e-4	0.00019788742065429688	490798139	1000000	25	13838180352
b <- tail(x)	4.3416900000181613e-4	4.3702125549316406e-4	490798139	1000000	25	13838180352
c <- sample_n(x, 100)	0.01037707699999757	0.010380268096923828	490798139	1000000	25	13838180352
d <- filter(x, X1 > 3)	0.01735796300000203	0.017361164093017578	490798139	1000000	25	13838180352
e <- group_by(x, as.integer(X2)) %>% summarise(avg_X1 = mean(X1))	0.060574454999997585	0.060579538345336914	490798139	1000000	25	13838180352
