exprs	process	real	size	rows	cols	max_memory
"({ library(arrow) library(reticulate) use_condaenv(""cudf"") cudf <- import(""cu..."	2.3631203690000007	3.0343551635742188	490798139	1000000	25	27194011648
"x <- cudf$read_csv(file, sep = ""\t"")"	2.093570812000001	2.100640058517456	490798139	1000000	25	27194011648
print(x)	0.27010848900000006	0.270125150680542	490798139	1000000	25	27194011648
a <- x$head()	0.004088417999998484	0.004090070724487305	490798139	1000000	25	27194011648
b <- x$tail()	0.0038693319999989484	0.0038712024688720703	490798139	1000000	25	27194011648
c <- x$take(sample(x$shape[[1]], 100) - 1L)	0.008123231999999092	0.008125066757202148	490798139	1000000	25	27194011648
d <- x$take(which(as.vector(x$X1$to_arrow() > 3)))	0.028487256000000016	0.02845931053161621	490798139	1000000	25	27194011648
"e <- x$groupby(""X2"")$X1$mean()"	0.03274419000000073	0.034331560134887695	490798139	1000000	25	27194011648
