exprs	process	real	size	rows	cols	max_memory
library(data.table)	0.0599604170000001	0.05996203422546387	490798139	1000000	25	10655592448
"x <- fread(file, sep = ""\t"", quote = """", strip.white = FALSE, na.strings = NULL)"	1.6152769110000005	0.16889214515686035	490798139	1000000	25	10655592448
print(x)	0.05866401700000079	0.01387333869934082	490798139	1000000	25	10655592448
a <- head(x)	4.466179999997877e-4	4.489421844482422e-4	490798139	1000000	25	10655592448
b <- tail(x)	3.967349999998149e-4	3.9887428283691406e-4	490798139	1000000	25	10655592448
c <- x[sample(NROW(x), 100), ]	0.019446426000000017	0.002363920211791992	490798139	1000000	25	10655592448
d <- x[X1 > 3, ]	0.0962894599999995	0.008888959884643555	490798139	1000000	25	10655592448
e <- x[, .(mean(X1)), by = as.integer(X2)]	0.39103366999999967	0.02505350112915039	490798139	1000000	25	10655592448
