exprs	process	real	size	rows	cols	max_memory
({ library(readr) library(dplyr) })	0.3839270379999995	0.3876347541809082	490798139	1000000	25	9559216128
"x <- read_tsv(file, trim_ws = FALSE, quote = """", na = character())"	15.025365768	15.025175333023071	490798139	1000000	25	9559216128
print(x)	0.11647049999999837	0.1164703369140625	490798139	1000000	25	9559216128
a <- head(x)	2.2528099999874485e-4	2.269744873046875e-4	490798139	1000000	25	9559216128
b <- tail(x)	4.4083899999947107e-4	4.420280456542969e-4	490798139	1000000	25	9559216128
c <- sample_n(x, 100)	0.009607376999998252	0.009608983993530273	490798139	1000000	25	9559216128
d <- filter(x, X1 > 3)	0.01760961700000152	0.017611026763916016	490798139	1000000	25	9559216128
e <- group_by(x, as.integer(X2)) %>% summarise(avg_X1 = mean(X1))	0.09156179100000017	0.09156203269958496	490798139	1000000	25	9559216128
