exprs	process	real	size	rows	cols	max_memory
({ library(arrow) library(dplyr) })	0.4150716059999997	0.4183990955352783	1963219523	100000	1000	18930470912
"x <- read_tsv_arrow(file, quote = """", na = character(), as_data_frame = FALSE)"	85.900067251	3.6586720943450928	1963219523	100000	1000	18930470912
print(x)	0.42615639699999974	0.4210205078125	1963219523	100000	1000	18930470912
a <- head(x)	0.0020823790000008557	0.0020856857299804688	1963219523	100000	1000	18930470912
b <- tail(x)	0.16091645900000628	0.1450183391571045	1963219523	100000	1000	18930470912
c <- x[sample(NROW(x), 100), ]	1.9182218540000093	1.6398646831512451	1963219523	100000	1000	18930470912
d <- x[x$X1 > 3, ]	4.023958716999999	4.013486385345459	1963219523	100000	1000	18930470912
e <- select(x, X1, X2) %>% collect %>% group_by(as.integer(X2)) %>% summarise...	0.16569528400000877	0.12726950645446777	1963219523	100000	1000	18930470912
