exprs	process	real	size	rows	cols	max_memory
({ library(arrow) library(dplyr) })	0.42635517800000056	0.4367542266845703	1963219523	100000	1000	19670933504
"x <- read_tsv_arrow(file, quote = """", na = character())"	115.206078557	11.971518278121948	1963219523	100000	1000	19670933504
print(x)	0.15491920700000605	0.1549222469329834	1963219523	100000	1000	19670933504
a <- head(x)	0.0016333429999946247	0.0016367435455322266	1963219523	100000	1000	19670933504
b <- tail(x)	0.0018526120000075252	0.0018558502197265625	1963219523	100000	1000	19670933504
c <- sample_n(x, 100)	0.019030356000001802	0.019033432006835938	1963219523	100000	1000	19670933504
d <- filter(x, X1 > 3)	0.015021374999989234	0.015024900436401367	1963219523	100000	1000	19670933504
e <- group_by(x, as.integer(X2)) %>% summarise(avg_X1 = mean(X1))	0.04980138099999465	0.04980587959289551	1963219523	100000	1000	19670933504
