exprs	process	real	size	rows	cols	max_memory
"({ library(arrow) library(reticulate) use_condaenv(""cudf"") cudf <- import(""cu..."	2.3744931989999998	3.0592710971832275	1963219523	100000	1000	31330951168
"x <- cudf$read_csv(file, sep = ""\t"")"	3.783955905999999	3.81905198097229	1963219523	100000	1000	31330951168
print(x)	0.38758351799999957	0.3874952793121338	1963219523	100000	1000	31330951168
a <- x$head()	0.03819320199999865	0.03816628456115723	1963219523	100000	1000	31330951168
b <- x$tail()	0.03775872800000002	0.037760019302368164	1963219523	100000	1000	31330951168
c <- x$take(sample(x$shape[[1]], 100) - 1L)	0.05660005100000021	0.056584835052490234	1963219523	100000	1000	31330951168
d <- x$take(which(as.vector(x$X1$to_arrow() > 3)))	0.08875950800000076	0.088733673095703125	1963219523	100000	1000	31330951168
"e <- x$groupby(""X2"")$X1$mean()"	0.026107301999999777	0.026108980178833008	1963219523	100000	1000	31330951168
