exprs	process	real	size	rows	cols	max_memory
({ library(readr) library(dplyr) })	0.37464667400000007	0.3784642219543457	1963219523	100000	1000	12291584000
"x <- read_tsv(file, trim_ws = FALSE, quote = """", na = character())"	65.343022468	65.34225821495056	1963219523	100000	1000	12291584000
print(x)	0.1626422329999997	0.16264057159423828	1963219523	100000	1000	12291584000
a <- head(x)	0.0020791839999958484	0.002080678939819336	1963219523	100000	1000	12291584000
b <- tail(x)	0.002326385999992908	0.0023279190063476562	1963219523	100000	1000	12291584000
c <- sample_n(x, 100)	0.030264094000003183	0.030265331268310547	1963219523	100000	1000	12291584000
d <- filter(x, X1 > 3)	0.015302743999995982	0.015304088592529297	1963219523	100000	1000	12291584000
e <- group_by(x, as.integer(X2)) %>% summarise(avg_X1 = mean(X1))	0.040732753000000343	0.04073357582092285	1963219523	100000	1000	12291584000
