exprs	process	real	size	rows	cols	max_memory
({ library(vroom) library(dplyr) })	0.377798125	0.38102078437805176	19747530143	173179759	11	66953326592
"x <- vroom(file, id = ""path"", col_types = c(pickup_datetime = ""c""), trim_ws =..."	554.559976978	227.04956817626953	19747530143	173179759	11	66953326592
print(x)	1.7423454749999792	1.7424321174621582	19747530143	173179759	11	66953326592
a <- head(x)	2.012930000319102e-4	2.0241737365722656e-4	19747530143	173179759	11	66953326592
b <- tail(x)	4.395880000629404e-4	4.4083595275878906e-4	19747530143	173179759	11	66953326592
c <- sample_n(x, 100)	0.00817919099995379	0.0081806182861328125	19747530143	173179759	11	66953326592
"d <- filter(x, payment_type == ""UNK"")"	10.807184009000025	10.807587146759033	19747530143	173179759	11	66953326592
e <- group_by(x, payment_type) %>% summarise(avg_tip = mean(tip_amount))	6.576649942000017	6.57698392868042	19747530143	173179759	11	66953326592
