exprs	process	real	size	rows	cols	max_memory
({ library(arrow) library(dplyr) })	0.41893095499999955	0.42259645462036133	1712562547	15004556	11	27318497280
"x <- read_csv_arrow(file, quote = """", na = character())"	31.365603041000004	6.638288497924805	1712562547	15004556	11	27318497280
print(x)	0.43297864300000555	0.4329979419708252	1712562547	15004556	11	27318497280
a <- head(x)	0.6561526260000008	0.6561479568481445	1712562547	15004556	11	27318497280
b <- tail(x)	0.23087215500000013	0.23075604438781738	1712562547	15004556	11	27318497280
c <- sample_n(x, 100)	0.1787809530000004	0.17878508567810059	1712562547	15004556	11	27318497280
"d <- filter(x, payment_type == ""UNK"")"	0.38188441899999503	0.38189029693603516	1712562547	15004556	11	27318497280
e <- group_by(x, payment_type) %>% summarise(avg_tip = mean(tip_amount))	0.7234174580000001	0.597785472869873	1712562547	15004556	11	27318497280
