exprs	process	real	size	rows	cols	max_memory
({ library(arrow) library(data.table) })	0.31888957399999995	0.3188164234161377	1712562547	15004556	11	28719771648
"x <- setDT(read_csv_arrow(file, quote = """", na = character()))"	31.262207065	6.523527383804321	1712562547	15004556	11	28719771648
print(x)	0.09991153899999716	0.01322031021118164	1712562547	15004556	11	28719771648
a <- head(x)	3.3442799999505723e-4	3.3783912658691406e-4	1712562547	15004556	11	28719771648
b <- tail(x)	2.745409999960202e-4	2.777576446533203e-4	1712562547	15004556	11	28719771648
c <- x[sample(NROW(x), 100), ]	7.383379999978956e-4	7.421970367431641e-4	1712562547	15004556	11	28719771648
"d <- x[payment_type == ""UNK"", ]"	0.8227059509999961	0.11904048919677734	1712562547	15004556	11	28719771648
e <- x[, .(mean(tip_amount)), by = payment_type]	3.1400254950000033	0.7777423858642578	1712562547	15004556	11	28719771648
