exprs	process	real	size	rows	cols	max_memory
({ library(arrow) library(data.table) })	0.3116359580000001	0.31157350540161133	1681610033	14776615	11	24745746432
"x <- as.data.table(read_csv_arrow(file, quote = """", na = character()))"	33.422533990000005	9.242043495178223	1681610033	14776615	11	24745746432
print(x)	0.1004280749999964	0.013484716415405273	1681610033	14776615	11	24745746432
a <- head(x)	3.2194399999951884e-4	3.256797790527344e-4	1681610033	14776615	11	24745746432
b <- tail(x)	2.7105899999924077e-4	2.74658203125e-4	1681610033	14776615	11	24745746432
c <- x[sample(NROW(x), 100), ]	6.893549999986703e-4	6.935596466064453e-4	1681610033	14776615	11	24745746432
"d <- x[payment_type == ""UNK"", ]"	0.7091453800000025	0.10701155662536621	1681610033	14776615	11	24745746432
e <- x[, .(mean(tip_amount)), by = payment_type]	2.938101484999997	0.48304319381713867	1681610033	14776615	11	24745746432
