exprs	process	real	size	rows	cols	max_memory
({ library(arrow) library(dplyr) })	0.4188256560000001	0.4224510192871094	1681610033	14776615	11	22696681472
"x <- read_csv_arrow(file, quote = """", na = character(), as_data_frame = FALSE)"	22.693009715000002	0.6998939514160156	1681610033	14776615	11	22696681472
print(x)	0.015182092999999952	0.015185356140136719	1681610033	14776615	11	22696681472
a <- head(x)	9.600270000014177e-4	9.634494781494141e-4	1681610033	14776615	11	22696681472
b <- tail(x)	0.03408658100000039	0.03260684013366699	1681610033	14776615	11	22696681472
c <- x[sample(NROW(x), 100), ]	0.6079460429999983	0.5727226734161377	1681610033	14776615	11	22696681472
"d <- x[x$payment_type == ""UNK"", ]"	1.663736268000001	1.2093524932861328	1681610033	14776615	11	22696681472
e <- select(x, payment_type, tip_amount) %>% group_by(payment_type) %>% colle...	1.913075844999998	1.549917459487915	1681610033	14776615	11	22696681472
