exprs	process	real	size	rows	cols	max_memory
({ library(arrow) library(dplyr) })	0.41858906999999945	0.42267465591430664	1681610033	14776615	11	27178737664
"x <- read_csv_arrow(file, quote = """", na = character())"	31.100968049	6.629539966583252	1681610033	14776615	11	27178737664
print(x)	0.4350776490000001	0.43508172035217285	1681610033	14776615	11	27178737664
a <- head(x)	0.6582706590000029	0.6582648754119873	1681610033	14776615	11	27178737664
b <- tail(x)	0.2188547889999981	0.21870660781860352	1681610033	14776615	11	27178737664
c <- x[sample(NROW(x), 100), ]	0.22733108999999985	0.22733354568481445	1681610033	14776615	11	27178737664
"d <- filter(x, payment_type == ""UNK"") %>% collect()"	0.3708506299999996	0.3708508014678955	1681610033	14776615	11	27178737664
e <- group_by(x, payment_type) %>% summarise(avg_tip = mean(tip_amount))	0.7080209529999948	0.579517126083374	1681610033	14776615	11	27178737664
