exprs	process	real	size	rows	cols	max_memory
"({ library(arrow) library(reticulate) use_condaenv(""~/cudf"") cudf <- import(""..."	2.358913619	3.0936436653137207	1712562547	15004556	11	32710995968
x <- cudf$read_csv(file)	2.704832273	2.7125966548919678	1712562547	15004556	11	32710995968
print(x)	0.22510179800000074	0.22505903244018555	1712562547	15004556	11	32710995968
a <- x$head()	0.003700054000001174	0.003701925277709961	1712562547	15004556	11	32710995968
b <- x$tail()	0.0035428960000007947	0.0035448074340820312	1712562547	15004556	11	32710995968
c <- x$take(sample(x$shape[[1]], 100) - 1L)	0.006102151000000333	0.0061037540435791016	1712562547	15004556	11	32710995968
"d <- x$take(which(as.vector(x$payment_type$to_arrow() == ""UNK"")))"	1.0363979479999994	1.0360865592956543	1712562547	15004556	11	32710995968
"e <- x$groupby(""payment_type"")$tip_amount$mean()"	0.12738602099999952	0.12734436988830566	1712562547	15004556	11	32710995968
