exprs	process	real	size	rows	cols	max_memory
"({ library(arrow) library(reticulate) use_condaenv(""~/cudf"") cudf <- import(""..."	2.3711669730000002	3.0580666065216064	1681610033	14776615	11	32688205824
x <- cudf$read_csv(file)	2.7838421680000005	2.8000028133392334	1681610033	14776615	11	32688205824
print(x)	0.22358401299999997	0.2237534523010254	1681610033	14776615	11	32688205824
a <- x$head()	0.0037443659999993884	0.0037462711334228516	1681610033	14776615	11	32688205824
b <- x$tail()	0.0035973699999996	0.003599405288696289	1681610033	14776615	11	32688205824
c <- x$take(sample(x$shape[[1]], 100) - 1L)	0.006159038000001615	0.0061609745025634766	1681610033	14776615	11	32688205824
"d <- x$take(which(as.vector(x$payment_type$to_arrow() == ""UNK"")))"	1.0323147240000008	1.0319585800170898	1681610033	14776615	11	32688205824
"e <- x$groupby(""payment_type"")$tip_amount$mean()"	0.1256157689999995	0.12557482719421387	1681610033	14776615	11	32688205824
