exprs	process	real	size	rows	cols	max_memory
library(data.table)	0.05936292099999996	0.05936408042907715	1712562547	15004556	11	14726049792
"x <- fread(file, sep = "","", quote = """", strip.white = FALSE, na.strings = NULL)"	30.960317549	19.373456954956055	1712562547	15004556	11	14726049792
print(x)	0.0835395109999979	0.015710115432739258	1712562547	15004556	11	14726049792
a <- head(x)	4.17158000004747e-4	4.191398620605469e-4	1712562547	15004556	11	14726049792
b <- tail(x)	3.299270000027832e-4	3.323554992675781e-4	1712562547	15004556	11	14726049792
c <- x[sample(NROW(x), 100), ]	9.210740000042961e-4	9.238719940185547e-4	1712562547	15004556	11	14726049792
"d <- x[payment_type == ""UNK"", ]"	0.8118559619999957	0.14400768280029297	1712562547	15004556	11	14726049792
e <- x[, .(mean(tip_amount)), by = payment_type]	2.536210010000005	0.2259063720703125	1712562547	15004556	11	14726049792
