exprs	process	real	size	rows	cols	max_memory
({ })	3.1089999996680717e-6	4.5299530029296875e-6	1712562547	15004556	11	14060322816
"x <- read.delim(file, sep = "","", quote = """", na.strings = NULL, stringsAsFact..."	82.633865573	82.63270735740662	1712562547	15004556	11	14060322816
print(head(x, 10))	0.006519901999993749	0.006521463394165039	1712562547	15004556	11	14060322816
a <- head(x)	1.912620000013021e-4	1.926422119140625e-4	1712562547	15004556	11	14060322816
b <- tail(x)	4.502970000004325e-4	4.515647888183594e-4	1712562547	15004556	11	14060322816
c <- x[sample(NROW(x), 100), ]	4.127670000002581e-4	4.143714904785156e-4	1712562547	15004556	11	14060322816
"d <- x[x$payment_type == ""UNK"", ]"	1.2301584960000014	1.2301509380340576	1712562547	15004556	11	14060322816
e <- tapply(x$tip_amount, x$payment_type, mean)	0.894073032999998	0.8940677642822266	1712562547	15004556	11	14060322816
