exprs	process	real	size	rows	cols	max_memory
({ library(vroom) library(dplyr) })	0.3703644730000004	0.3738241195678711	1712562547	15004556	11	13645512704
"x <- vroom(file, col_types = c(pickup_datetime = ""c""), trim_ws = FALSE, quote..."	50.548490711999996	17.596996545791626	1712562547	15004556	11	13645512704
print(x)	0.1029850219999986	0.10298514366149902	1712562547	15004556	11	13645512704
a <- head(x)	2.0659399999800598e-4	2.079010009765625e-4	1712562547	15004556	11	13645512704
b <- tail(x)	4.3589500000251746e-4	4.372596740722656e-4	1712562547	15004556	11	13645512704
c <- sample_n(x, 100)	0.0083436559999938709	0.00834512710571289	1712562547	15004556	11	13645512704
"d <- filter(x, payment_type == ""UNK"")"	0.9452191529999965	0.9452126026153564	1712562547	15004556	11	13645512704
e <- group_by(x, payment_type) %>% summarise(avg_tip = mean(tip_amount))	1.2425444610000014	1.2425365447998047	1712562547	15004556	11	13645512704
