exprs	process	real	size	rows	cols	max_memory
library(vroom)	0.19064496200000036	0.19454073905944824	1712562547	15004556	11	15376699392
"x <- vroom(file, col_types = c(pickup_datetime = ""c""), trim_ws = FALSE, quote..."	16.871057679000003	0.6750102043151855	1712562547	15004556	11	15376699392
print(x)	0.1190965559999988	0.11716651916503906	1712562547	15004556	11	15376699392
a <- head(x)	1.7873500000220588e-4	1.8024444580078125e-4	1712562547	15004556	11	15376699392
b <- tail(x)	3.798200000026952e-4	3.8123130798339844e-4	1712562547	15004556	11	15376699392
c <- x[sample(NROW(x), 100), ]	2.1571799999975383e-4	2.1719932556152344e-4	1712562547	15004556	11	15376699392
"d <- x[x$payment_type == ""UNK"", ]"	1.5215483150000004	1.5215373039245605	1712562547	15004556	11	15376699392
e <- tapply(x$tip_amount, x$payment_type, mean)	13.234932062000002	10.619530439376831	1712562547	15004556	11	15376699392
