exprs	process	real	size	rows	cols	max_memory
"({ library(arrow) library(reticulate) use_condaenv(""cudf"") cudf <- import(""cu..."	2.3254967849999995	3.0190048217773438	1600080624	100000	1000	30747602944
"x <- cudf$read_csv(file, sep = ""\t"")"	6.551570556	6.649156808853149	1600080624	100000	1000	30747602944
print(x)	0.5730928780000006	0.5729029178619385	1600080624	100000	1000	30747602944
a <- x$head()	0.07464290000000062	0.07464361190795898	1600080624	100000	1000	30747602944
b <- x$tail()	0.07578265999999978	0.07576775550842285	1600080624	100000	1000	30747602944
c <- x$take(sample(x$shape[[1]], 100) - 1L)	0.1990844539999994	0.19902968406677246	1600080624	100000	1000	30747602944
"d <- x$take(which(as.vector(x$X1$to_arrow() == ""helpless_sheep"")))"	0.24091185300000006	0.24086213111877441	1600080624	100000	1000	30747602944
"({ x$add_column(""X2_nchar"", x$X2$str$len()) e <- x$groupby(""X1"")$X2_nchar$mea..."	0.03293805200000044	0.03290128707885742	1600080624	100000	1000	30747602944
