exprs	process	real	size	rows	cols	max_memory
"({ library(arrow) library(reticulate) use_condaenv(""cudf"") cudf <- import(""cu..."	2.4040853049999997	3.140238046646118	400248755	1000000	25	27650056192
"x <- cudf$read_csv(file, sep = ""\t"")"	2.2007388289999996	2.236457347869873	400248755	1000000	25	27650056192
print(x)	0.3054632339999994	0.3054018020629883	400248755	1000000	25	27650056192
a <- x$head()	0.0050810170000001875	0.005082845687866211	400248755	1000000	25	27650056192
b <- x$tail()	0.004846248999999858	0.004848003387451172	400248755	1000000	25	27650056192
c <- x$take(sample(x$shape[[1]], 100) - 1L)	0.011549969000000715	0.011551856994628906	400248755	1000000	25	27650056192
"d <- x$take(which(as.vector(x$X1$to_arrow() == ""helpless_sheep"")))"	0.09919398199999918	0.09916353225708008	400248755	1000000	25	27650056192
"({ x$add_column(""X2_nchar"", x$X2$str$len()) e <- x$groupby(""X1"")$X2_nchar$mea..."	0.05248788299999951	0.052460432052612305	400248755	1000000	25	27650056192
