exprs	process	real	size	rows	cols	max_memory
({ library(vroom) library(dplyr) })	0.36160141099999965	0.3652653694152832	400248755	1000000	25	11019812864
"x <- vroom(file, trim_ws = FALSE, quote = """", escape_double = FALSE, na = cha..."	48.320210033	45.65431070327759	400248755	1000000	25	11019812864
print(x)	0.10635076900000229	0.10635089874267578	400248755	1000000	25	11019812864
a <- head(x)	1.9331200000038962e-4	1.9478797912597656e-4	400248755	1000000	25	11019812864
b <- tail(x)	4.496849999995334e-4	4.5108795166015625e-4	400248755	1000000	25	11019812864
c <- sample_n(x, 100)	0.00985494300000056	0.009856462478637695	400248755	1000000	25	11019812864
"d <- filter(x, X1 == ""helpless_sheep"")"	0.015938357000003123	0.015939712524414062	400248755	1000000	25	11019812864
e <- group_by(x, X1) %>% summarise(avg_nchar = mean(nchar(X2)))	0.3085045130000026	0.3085005283355713	400248755	1000000	25	11019812864
